<?xml version="1.0"?>
<MediaFile xmlns:dt="urn:schemas-microsoft-com:datatypes"><Reports><Report><ProcessVideo dt:dt="int">1</ProcessVideo><ProcessAudio dt:dt="int">1</ProcessAudio><HasVideo dt:dt="int">1</HasVideo><HasAudio dt:dt="int">0</HasAudio><NumWarnings dt:dt="int">0</NumWarnings><NumErrors dt:dt="int">0</NumErrors><FilterBlocks><FilterBlock><Source dt:dt="string">{777B09FE-3980-4F01-BD77-F7F9A08A9594}</Source><SourceFriendlyName dt:dt="string">FFmpeg</SourceFriendlyName><LookupType dt:dt="int">1</LookupType><NumWarnings dt:dt="int">0</NumWarnings><NumErrors dt:dt="int">0</NumErrors></FilterBlock></FilterBlocks><Streams><Stream1><StreamType dt:dt="string">Video</StreamType><Codec dt:dt="string">dvvideo</Codec><Longname dt:dt="string">DV (Digital Video)</Longname><FourCC dt:dt="string">dvsd (0x64737664)</FourCC><Width dt:dt="int">720</Width><Height dt:dt="int">480</Height><PictureFormat dt:dt="int">7</PictureFormat><FrameRate dt:dt="string">30000.1001</FrameRate><Duration dt:dt="int">5399</Duration></Stream1></Streams></Report></Reports></MediaFile>
