<?xml version="1.0"?>
<MediaFile xmlns:dt="urn:schemas-microsoft-com:datatypes"><Reports><Report><ProcessVideo dt:dt="int">1</ProcessVideo><ProcessAudio dt:dt="int">1</ProcessAudio><HasVideo dt:dt="int">1</HasVideo><HasAudio dt:dt="int">1</HasAudio><NumWarnings dt:dt="int">0</NumWarnings><NumErrors dt:dt="int">0</NumErrors><FilterBlocks><FilterBlock><Source dt:dt="string">{777B09FE-3980-4F01-BD77-F7F9A08A9594}</Source><SourceFriendlyName dt:dt="string">FFmpeg</SourceFriendlyName><LookupType dt:dt="int">1</LookupType><NumWarnings dt:dt="int">0</NumWarnings><NumErrors dt:dt="int">0</NumErrors></FilterBlock></FilterBlocks><Streams><Stream1><StreamType dt:dt="string">Audio</StreamType><FourCC dt:dt="string">mp4a (0x6134706D)</FourCC><SampleFormat dt:dt="int">8</SampleFormat><SampleRate dt:dt="int">48000</SampleRate><Channels dt:dt="int">2</Channels><FrameRate dt:dt="string">0.0</FrameRate><Duration dt:dt="int">98304</Duration></Stream1><Stream2><StreamType dt:dt="string">Video</StreamType><Codec dt:dt="string">h264</Codec><Longname dt:dt="string">H.264 / AVC / MPEG-4 AVC / MPEG-4 part 10</Longname><FourCC dt:dt="string">avc1 (0x31637661)</FourCC><Width dt:dt="int">1920</Width><Height dt:dt="int">1080</Height><PictureFormat dt:dt="int">0</PictureFormat><FrameRate dt:dt="string">30000.1001</FrameRate><Duration dt:dt="int">60060</Duration></Stream2></Streams></Report></Reports></MediaFile>
